{
  "tag_acc": 0.939195673,
  "sents_p": 0.8500345543,
  "sents_r": 0.8823529412,
  "sents_f": 0.8658922914,
  "dep_uas": 0.8535422689,
  "dep_las": 0.80149091,
  "dep_las_per_type": {
    "nmod:poss": {
      "p": 0.9413919414,
      "r": 0.9379562044,
      "f": 0.9396709324
    },
    "nsubj": {
      "p": 0.8272907053,
      "r": 0.8251150559,
      "f": 0.8262014483
    },
    "aux": {
      "p": 0.8827361564,
      "r": 0.8914473684,
      "f": 0.8870703764
    },
    "advmod": {
      "p": 0.738874895,
      "r": 0.7857142857,
      "f": 0.7615750757
    },
    "root": {
      "p": 0.8507256393,
      "r": 0.8830703013,
      "f": 0.8665962689
    },
    "det": {
      "p": 0.9329446064,
      "r": 0.9692773691,
      "f": 0.9507640068
    },
    "amod": {
      "p": 0.8520452567,
      "r": 0.8772401434,
      "f": 0.8644591611
    },
    "obl": {
      "p": 0.7286295794,
      "r": 0.7271496276,
      "f": 0.7278888512
    },
    "mark": {
      "p": 0.8917431193,
      "r": 0.8836363636,
      "f": 0.8876712329
    },
    "ccomp": {
      "p": 0.6494845361,
      "r": 0.5887850467,
      "f": 0.6176470588
    },
    "case": {
      "p": 0.9296357616,
      "r": 0.9512918255,
      "f": 0.940339125
    },
    "appos": {
      "p": 0.7166123779,
      "r": 0.6666666667,
      "f": 0.6907378336
    },
    "obj": {
      "p": 0.7241887906,
      "r": 0.7496183206,
      "f": 0.736684171
    },
    "compound:prt": {
      "p": 0.7616580311,
      "r": 0.6901408451,
      "f": 0.724137931
    },
    "xcomp": {
      "p": 0.63099631,
      "r": 0.6218181818,
      "f": 0.6263736264
    },
    "flat": {
      "p": 0.788590604,
      "r": 0.7476139979,
      "f": 0.7675557975
    },
    "expl:pv": {
      "p": 0.7446808511,
      "r": 0.7954545455,
      "f": 0.7692307692
    },
    "acl": {
      "p": 0.4776119403,
      "r": 0.3265306122,
      "f": 0.3878787879
    },
    "advcl": {
      "p": 0.4401913876,
      "r": 0.4144144144,
      "f": 0.4269141531
    },
    "nummod": {
      "p": 0.8037974684,
      "r": 0.8466666667,
      "f": 0.8246753247
    },
    "nmod": {
      "p": 0.7025,
      "r": 0.7330434783,
      "f": 0.7174468085
    },
    "cc": {
      "p": 0.8579439252,
      "r": 0.8693181818,
      "f": 0.863593603
    },
    "conj": {
      "p": 0.6082337317,
      "r": 0.6222826087,
      "f": 0.6151779718
    },
    "nsubj:pass": {
      "p": 0.7604790419,
      "r": 0.7987421384,
      "f": 0.7791411043
    },
    "aux:pass": {
      "p": 0.8882681564,
      "r": 0.8833333333,
      "f": 0.8857938719
    },
    "iobj": {
      "p": 0.7058823529,
      "r": 0.3636363636,
      "f": 0.48
    },
    "dep": {
      "p": 0.0,
      "r": 0.0,
      "f": 0.0
    },
    "cop": {
      "p": 0.7321428571,
      "r": 0.7509157509,
      "f": 0.7414104882
    },
    "acl:relcl": {
      "p": 0.6603773585,
      "r": 0.6603773585,
      "f": 0.6603773585
    },
    "parataxis": {
      "p": 0.3092783505,
      "r": 0.2173913043,
      "f": 0.2553191489
    },
    "fixed": {
      "p": 0.6479750779,
      "r": 0.3761301989,
      "f": 0.47597254
    },
    "expl": {
      "p": 0.4210526316,
      "r": 0.380952381,
      "f": 0.4
    },
    "obl:agent": {
      "p": 0.8518518519,
      "r": 0.7931034483,
      "f": 0.8214285714
    },
    "csubj": {
      "p": 0.6,
      "r": 0.45,
      "f": 0.5142857143
    },
    "orphan": {
      "p": 0.0,
      "r": 0.0,
      "f": 0.0
    }
  },
  "ents_p": 0.7496350365,
  "ents_r": 0.7102351314,
  "ents_f": 0.7294034091,
  "ents_per_type": {
    "DATE": {
      "p": 0.0,
      "r": 0.0,
      "f": 0.0
    },
    "NORP": {
      "p": 0.0,
      "r": 0.0,
      "f": 0.0
    },
    "LOC": {
      "p": 0.0,
      "r": 0.0,
      "f": 0.0
    },
    "WORK_OF_ART": {
      "p": 0.0,
      "r": 0.0,
      "f": 0.0
    },
    "CARDINAL": {
      "p": 0.0,
      "r": 0.0,
      "f": 0.0
    },
    "PERSON": {
      "p": 0.0,
      "r": 0.0,
      "f": 0.0
    },
    "EVENT": {
      "p": 0.0,
      "r": 0.0,
      "f": 0.0
    },
    "GPE": {
      "p": 0.0,
      "r": 0.0,
      "f": 0.0
    },
    "ORDINAL": {
      "p": 0.0,
      "r": 0.0,
      "f": 0.0
    },
    "FAC": {
      "p": 0.0,
      "r": 0.0,
      "f": 0.0
    },
    "LANGUAGE": {
      "p": 0.0,
      "r": 0.0,
      "f": 0.0
    },
    "ORG": {
      "p": 0.0,
      "r": 0.0,
      "f": 0.0
    },
    "QUANTITY": {
      "p": 0.0,
      "r": 0.0,
      "f": 0.0
    },
    "MONEY": {
      "p": 0.0,
      "r": 0.0,
      "f": 0.0
    },
    "TIME": {
      "p": 0.0,
      "r": 0.0,
      "f": 0.0
    },
    "PERCENT": {
      "p": 0.0,
      "r": 0.0,
      "f": 0.0
    },
    "LAW": {
      "p": 0.0,
      "r": 0.0,
      "f": 0.0
    },
    "PRODUCT": {
      "p": 0.0,
      "r": 0.0,
      "f": 0.0
    }
  },
  "speed": 7859.8743254531,
  "token_acc": 0.999433329,
  "token_p": 0.9974281853,
  "token_r": 0.9975586363,
  "token_f": 0.9974934066,
  "pos_acc": 0.9572746505,
  "morph_acc": 0.9504635184,
  "morph_micro_p": 0.9581605554,
  "morph_micro_r": 0.9363474935,
  "morph_micro_f": 0.9471284484,
  "morph_per_feat": {
    "Person": {
      "p": 0.9911154985,
      "r": 0.9598470363,
      "f": 0.9752306945
    },
    "Poss": {
      "p": 0.9921259843,
      "r": 0.9655172414,
      "f": 0.9786407767
    },
    "PronType": {
      "p": 0.9905008636,
      "r": 0.9534497091,
      "f": 0.971622194
    },
    "Gender": {
      "p": 0.906358074,
      "r": 0.8667005851,
      "f": 0.8860858257
    },
    "Number": {
      "p": 0.9747808704,
      "r": 0.9488100584,
      "f": 0.9616201456
    },
    "Tense": {
      "p": 0.9576129392,
      "r": 0.9439252336,
      "f": 0.9507198228
    },
    "VerbForm": {
      "p": 0.9392948019,
      "r": 0.9298308744,
      "f": 0.9345388788
    },
    "Degree": {
      "p": 0.9271809661,
      "r": 0.9238505747,
      "f": 0.9255127744
    },
    "Definite": {
      "p": 0.9942806863,
      "r": 0.9947183099,
      "f": 0.9944994499
    },
    "Case": {
      "p": 0.9940357853,
      "r": 0.9960159363,
      "f": 0.9950248756
    },
    "Reflex": {
      "p": 1.0,
      "r": 1.0,
      "f": 1.0
    },
    "Abbr": {
      "p": 1.0,
      "r": 0.5555555556,
      "f": 0.7142857143
    }
  },
  "lemma_acc": 0.9504328674
}